Ticker,Sector,Total Return (%),CAGR (%),Beta,Volatility (%),Sharpe,Max Drawdown (%)
AAPL,Technology,1538.543057270736,26.310552696848543,1.2050245442866185,28.218462131107447,0.8615123171453448,-38.51590186923703
MSFT,Technology,1327.5305050520838,24.864415198455745,1.1818762998660546,26.44233353595738,0.8646897660285453,-37.148473695047876
GOOGL,Technology,1099.478110528125,23.062192731128484,1.151754517681596,28.219610388309853,0.7463672404156801,-44.32005493025624
GOOG,Technology,1107.2185195864847,23.128329139945535,1.149551122086549,28.201325383197407,0.7491963180047551,-44.60184888045276
AMZN,Consumer Discretionary,1285.5842029773703,24.55375077918811,1.1914294233529892,32.705127981958256,0.6896090054021455,-56.14526325328263
NVDA,Technology,52575.38107640986,68.78228420894897,1.751098088601078,47.17788849052587,1.4155420334752793,-66.3350830852517
META,Technology,1075.0347348638188,22.850742337941643,1.3088989687670851,37.228458541635526,0.5600753604832338,-76.73609109259182
TSLA,Consumer Discretionary,3598.9724967986945,35.19997515074109,1.5966462284711036,56.82750604737898,0.584223687787058,-73.63221744219119
BRK-B,Financials,339.6045594925833,13.165188452558008,0.8266029885489966,18.83929305606962,0.5926543219710052,-29.569936128511088
UNH,Health Care,391.6856769066516,14.228471821655898,0.7951261655629058,28.642080338426716,0.4269407695658882,-61.39086044933171
JNJ,Health Care,265.02945406980103,11.421598440344516,0.5015308679441787,17.924985486626692,0.5256126119250526,-27.36625543370571
V,Financials,560.8166365417579,17.084294213609887,1.035683412112138,23.98449935868971,0.62891845220629,-36.36492223391248
XOM,Energy,153.19699576973713,8.068607114540516,0.8316907928192154,26.740792780459643,0.22694192967139862,-62.395961375881726
JPM,Financials,671.1609882312725,18.60425849893581,1.103295070777552,26.527115250072182,0.6259353247575847,-43.626505326796114
PG,Consumer Staples,177.71609545504478,8.906179745408792,0.5064732717470418,18.074507407199132,0.38209504634455704,-25.464143927959565
MA,Financials,684.6873503730325,18.776641969323183,1.1418540456726889,26.106179130592544,0.6426310754017414,-40.99720769714311
HD,Consumer Discretionary,551.7721121086865,16.949594130519728,0.9492166752133226,23.76448972478451,0.6290728016317753,-37.99368804907296
CVX,Energy,158.86426330694556,8.268605212166147,0.9653755376285618,28.436421026594005,0.22044283302401835,-55.77392308563586
MRK,Health Care,220.49970648468422,10.217385346950781,0.5677594343388742,22.205038892999248,0.37006849600887387,-43.44339033866194
ABBV,Health Care,653.1117073600724,18.369866086433937,0.6742784969740935,26.44021145512682,0.6191276538849231,-45.08976855705453
PFE,Health Care,51.33394424419249,3.5212450035889242,0.6087741263786317,22.95825174400434,0.06626136086281939,-58.961994441754385
KO,Consumer Staples,188.71551191118866,9.260086795036472,0.5292529921836004,17.539943522934152,0.4139173416119401,-36.98751195025035
PEP,Consumer Staples,173.16088551441376,8.7558408036003,0.5722053147428724,18.59866334024648,0.36324335141768144,-30.322663382029514
COST,Consumer Staples,962.4811555283591,21.821854821797125,0.7052022328451897,21.06666408236019,0.9409109455727551,-31.402433351432524
TMO,Health Care,429.4356549573772,14.93643273641554,0.9018222001987536,25.060024637638804,0.5162178778142826,-40.95428944220338
AVGO,Technology,8269.77083973421,44.743105063584295,1.445902418369001,38.561256136088154,1.1084469062091182,-48.29997897663962
MCD,Consumer Discretionary,358.62422362230507,13.566255820603912,0.6324376556314515,19.73590434024662,0.5860514735581344,-36.89856301988342
WMT,Consumer Staples,515.0171582771303,16.383960797906095,0.5204160307116897,20.963713477688962,0.6861361091017821,-36.43517543572297
CSCO,Technology,425.26601684003145,14.860550428702979,0.9741546759848834,24.358159151056846,0.5279771081611062,-41.95111093094898
ACN,Technology,310.22278406884254,12.513208145035005,1.042539616875997,24.70778859874193,0.4255017847113325,-41.021444268105746
ABT,Health Care,282.58845331520547,11.859702185419296,0.7908086517117952,23.056964282034787,0.4276236049470591,-33.876776707342785
DHR,Health Care,640.3749810615299,18.20134508169291,0.8652140445502099,29.736992617999665,0.5448212362902599,-39.81719093712706
NEE,Utilities,421.71636442416104,14.795514812712618,0.6393877729433105,24.068511441627763,0.5316288397703772,-44.969719721634185
LLY,Health Care,2386.7950253184845,30.789589837994868,0.6944152994633886,28.494637796277345,1.010351141987706,-34.475003114834685
DIS,Communication Services,77.92519340977123,4.930442340243579,1.0042208341536338,27.286686780882025,0.10739458270531936,-60.715170288695916
VZ,Communication Services,73.95182868348229,4.732684757716821,0.4237660478994817,19.31003914818634,0.14151627227402502,-41.207106601051336
ADBE,Technology,404.02824543955205,14.465266840573765,1.2437833609073135,32.47584965219077,0.3838318927471965,-60.021498008468335
NKE,Consumer Discretionary,101.04023222020287,6.006432905497028,1.031096202415611,30.355237363510597,0.13198489794426968,-68.53427042911107
CRM,Technology,267.1662717133525,11.475932478614892,1.2468815139908624,34.67047624914794,0.2733141711270197,-58.61723995083929
CMCSA,Communication Services,55.891284824414655,3.7781126646794005,0.8397916269682046,24.885801126284672,0.07145089103847806,-52.11348800498865
INTC,Technology,167.42687987419762,8.563296231559603,1.2924121460222844,38.897746911727246,0.16873204112449094,-70.79732157296665
TXN,Technology,613.0911701615131,17.831220500494773,1.2055918430290884,29.14156139812208,0.5432523084200614,-33.41196962784868
PM,Consumer Staples,325.4815080935103,12.856952172271008,0.5910941232643029,22.789634704761642,0.47639869234071436,-42.868834420427454
QCOM,Technology,189.53092454805943,9.285828225803595,1.3197029597218568,35.926564790624134,0.20279779790426833,-45.079230364992945
RTX,Industrials,279.6675803293053,11.788120187354245,0.9166329808416783,26.103708996766738,0.37497047597974,-51.981957807198576
HON,Industrials,264.80698125388153,11.41592475851212,0.9540029170556618,22.52745575588088,0.41797550777806125,-43.010342980440456
UPS,Industrials,71.7205049138169,4.619807272349741,0.8493528981403828,25.580459336571714,0.10241439521784781,-57.91772172527318
IBM,Technology,198.1856255067207,9.555024442247962,0.8332807220917454,24.079049312711916,0.3137592495505826,-40.58520570324083
CAT,Industrials,860.4318943343512,20.79867570587599,1.0844229656733022,29.306259761566977,0.6414559844490658,-44.63246009846726
AMGN,Health Care,307.90523914094825,12.45997721733849,0.7529666867583495,25.000556558235708,0.4183897743625533,-24.85994296510878
GE,Industrials,218.03767753592322,10.146415405245811,1.1084023615343306,33.55328165392692,0.24279042179149687,-81.19141354300726
LOW,Consumer Discretionary,618.216512560075,17.901728313518216,1.015146609943196,27.660496880014524,0.5748894671884096,-48.629212843824185
SPGI,Financials,700.333592160167,18.97267694042388,1.0456634096268225,24.986027717247534,0.6792867250646593,-39.760377637399
BA,Industrials,119.10307850005051,6.770982053980523,1.3432876521892316,38.74331429824415,0.12314336396865108,-77.92005465221095
GS,Financials,633.689482526999,18.111822328423255,1.2109176645089326,28.32692018607937,0.5687812943512669,-48.748798812191374
SBUX,Consumer Discretionary,236.3465015334073,10.662572864411679,1.003704313779014,27.968834380725255,0.3097223411777753,-43.6828990885596
BLK,Financials,421.3100971284844,14.788045466748567,1.2316707213250357,26.71768742412075,0.4786359411931554,-43.9016941448144
INTU,Technology,680.8669629165612,18.728231657071206,1.2755370279306641,30.63396383215371,0.5460681402095634,-49.0100642176417
ELV,Health Care,377.64537633232703,13.952389316245739,0.8181965832910256,29.568920480047044,0.404221362234416,-50.38193683747897
MDLZ,Consumer Staples,132.64030651891838,7.306981424206449,0.6456455236241065,21.03019372350214,0.2523505724189155,-29.741971973682023
AMD,Technology,7114.114151095237,42.95780181101736,1.6877253285602092,57.46567835852221,0.7127350269057301,-65.44994295506879
ISRG,Health Care,1026.5872783243842,22.41945104632983,1.1901857163871195,31.652071700296684,0.6451221025806798,-49.90422231080242
ADI,Technology,752.3091435730126,19.599590356211284,1.311181211128188,31.444288367170824,0.5597070651020363,-33.61995206980804
GILD,Health Care,156.9783688799845,8.202501289091014,0.6133173755543657,26.583798883547942,0.23331884642452622,-45.73975481535944
CVS,Health Care,56.81974690697722,3.8295988776715584,0.6827859872649468,27.25554049143877,0.06712759478192161,-56.78882723652045
AXP,Financials,393.638862637392,14.266304432671406,1.2339720025182126,30.10324828087178,0.4074744465521904,-49.63849843726295
LMT,Industrials,491.6016054886706,16.007228049406507,0.5903643753389406,22.387061342692157,0.6256840875624307,-36.67428703831688
BKNG,Consumer Discretionary,353.7774422230284,13.465520146583598,1.1308912295118765,31.394454885290575,0.36520844806754726,-47.77003307962167
SYK,Health Care,450.05340572136816,15.30378431067656,0.9691554412051776,24.78690183248054,0.5367263888237697,-43.80275502159519
TJX,Consumer Discretionary,519.1455007332229,16.44901489319308,0.8813817991409745,25.37135381473975,0.5695011389104029,-42.55352191533757
VRTX,Health Care,507.65815122162206,16.266999180778583,0.8869365467259795,36.48588394446486,0.39102791650859753,-49.095279320080074
MMC,Financials,421.43287795815337,14.795553448644604,0.7704604419582022,19.70753613505856,0.6492721038771588,-35.79742120044802
REGN,Health Care,165.66670905149672,8.503431448218834,0.7646719940516226,33.01486082710089,0.1969849723819028,-59.69200506040641
PLD,Real Estate,385.0950342965269,14.099788539278556,0.9590787836877589,25.762572917560473,0.4696653776778254,-43.2952428522958
ZTS,Health Care,344.78850697898366,13.276055112919538,0.903701754671226,25.9673381676854,0.43423993018090035,-51.258021962591826
NOW,Technology,828.923134925603,20.462574152054348,1.3733622597748487,39.57082736095089,0.4665703343436662,-51.297507043869054
PYPL,Financials,42.4969985244416,3.4120310465282966,1.32665948461895,37.93457654876468,0.03722279711526867,-83.66771366704297
SCHW,Financials,403.7072251655568,14.459175634027876,1.1633822952871617,32.85325431845804,0.37923718342349727,-51.07707590169692
CI,Health Care,249.69950444731833,11.023021075348893,0.7988956493585296,29.837782787721366,0.30240253237120496,-42.46809547320633
MO,Consumer Staples,279.11481910551976,11.774516869315143,0.5065934872818484,21.746673769645305,0.44947181223450927,-53.69477563628301
DUK,Utilities,180.77370284689783,9.00582971721704,0.47215249540643295,19.887384969804486,0.3522750591821985,-37.371862857339806
SO,Utilities,253.61670101278264,11.126368475286942,0.5055987205082803,20.897592952378787,0.43671864487379064,-38.434892620723375
BDX,Health Care,136.56501557765722,7.457033269604718,0.6176160166865342,22.391146405223104,0.24371388453481663,-40.059176556742884
ITW,Industrials,345.54904393207,13.292220647278018,0.9620858391373329,22.642452480759935,0.49871897299435225,-37.84737453941823
EOG,Energy,89.66595038476586,5.492000916204609,1.0640713030668734,38.37479735242897,0.09099724707689119,-77.1317270090036
SLB,Energy,-23.20318409974098,-2.1810269502307467,1.1345251840343145,38.139124859876226,-0.10962566565415197,-87.63990599990336
CL,Consumer Staples,94.1912163086422,5.699969179010611,0.4810616597897325,18.850112997487543,0.19628366044828302,-29.045853627638163
CME,Financials,525.6073341477947,16.550046185786993,0.6414445403270369,23.205556448861024,0.6270069936849603,-37.35606644306408
APD,Materials,275.50886970202754,11.685326656980589,0.9111610305625145,25.13359804114757,0.3853537659480436,-31.765688523561113
FDX,Industrials,190.3008513758573,9.310072821099613,1.074599734398812,30.985663072357543,0.2359179083574611,-65.96649480918255
NOC,Industrials,636.2982770289219,18.14684421876931,0.5802363735609845,24.2135694377557,0.666851050617588,-36.384098490119534
ICE,Financials,391.26070467569207,14.220221998078596,0.7812093398015926,22.100615997396854,0.552935809550194,-34.31747561273642
NSC,Industrials,319.43655810348827,12.722146067097096,1.0267428107194483,27.28189347768783,0.39301326632134514,-44.41884501893841
PNC,Financials,311.4482472103744,12.541244105377292,1.1286727114324386,28.18423369865077,0.37401208839259376,-49.58335783691069
MU,Technology,1833.8914519915254,28.071178117265518,1.6556174497773437,47.771140555850955,0.5457516361114462,-73.8010463552587
AON,Financials,406.5236224133612,14.512494559131085,0.7434079715179963,22.157774162689172,0.5646999769589,-38.72722497375068
USB,Financials,116.48923559877088,6.66400385295316,1.0945807936201848,28.565000732775264,0.16327686796106808,-52.13488862517121
WM,Industrials,583.9056863167527,17.42064547266031,0.5809792521692585,18.65863986982238,0.8264613916259217,-30.066600647832303
ORLY,Consumer Discretionary,1017.9581292533833,22.340853693983355,0.7101317707926349,25.621571068099,0.7938956451936477,-42.00360004693225
GD,Industrials,360.6035742662957,13.607114366416528,0.7940706294012141,21.850342055562336,0.5312097328683127,-51.630498312967546
EMR,Industrials,216.30300925713192,10.096109224015493,1.1239104299392115,27.311112689829464,0.2964401090487407,-50.77154163144477
COP,Energy,138.35643750894207,7.5247670117622345,1.1263228939012189,36.96507371258323,0.14945910982673238,-70.66101383667825
PSA,Real Estate,178.18710634030657,8.921595697736894,0.5811325793081235,22.342513575622814,0.30979485250436734,-37.92855211357116
TGT,Consumer Discretionary,168.1492013645593,8.587758503966825,0.8224119096274098,31.38011165089293,0.20993419581346098,-64.39826238696848
MCK,Health Care,428.33293485561563,14.916417998564647,0.6869211796554232,27.44178036335787,0.47068440267131956,-54.07830282486662
KLAC,Technology,3771.8380440641645,35.71675084654815,1.5462946896601928,38.5325872623583,0.8750191264598877,-40.28339223565431
ADP,Industrials,388.73719199009037,14.171098857049259,0.9480847367897595,22.92588105597468,0.5308890344206583,-39.4512026949965
LRCX,Technology,5711.574753186106,40.39951572457117,1.6617087560782215,41.39953824705392,0.9275348796264354,-56.39314731960923
F,Consumer Discretionary,76.26600550010372,4.8483603654465135,1.1482163798896565,34.688537252891074,0.08211243802761156,-68.78748834565539
GM,Consumer Discretionary,219.25295317112798,10.181509379618081,1.1827028379723916,34.93714424448251,0.2341779660743209,-59.95535483309165
SHW,Materials,570.073425797596,17.22041717881242,0.9033574188069788,25.468724148045162,0.5976120786553281,-42.458552870792644
SNPS,Technology,1120.4947781366197,23.24086585621108,1.2131480899552862,32.149729542158866,0.6606856778797259,-40.525292965923775
CDNS,Technology,2058.8662254167234,29.253838276741018,1.2413746354937718,31.55912531095867,0.8635802801314435,-32.11696829091163
FTNT,Technology,1890.6495803152616,28.380991997430428,1.2293518674113222,39.22287761889365,0.6725919565045557,-51.19803507541165
MRVL,Technology,524.8203071240033,16.53779223924621,1.6218590309180767,46.99996655495459,0.30931494860210024,-61.879465548503156
PANW,Technology,1742.7310431069075,27.555690545657985,1.0870169532896632,38.76806099903342,0.6591944473646786,-47.98336493838788
AZO,Consumer Discretionary,664.3915847648385,18.516944450897356,0.6433154156283749,24.861187550783434,0.6643666726361536,-42.14240234375
CTAS,Industrials,1459.4438975163068,25.789620110758804,1.0156554539199663,25.295246125160787,0.9404779061270189,-48.37968238890806
MNST,Consumer Staples,616.5222749055806,17.87847235445077,0.7795761239700598,28.438801385057623,0.5583383117824956,-30.416487861391477
MSCI,Financials,1578.43606286993,26.564595090061328,1.142789928553015,29.43451141480781,0.8345508014005443,-43.744852205727646
ANET,Technology,4100.145596590909,37.899973009802764,1.3308152191471085,44.95590745910175,0.7985596340695036,-52.20064856586243
ADSK,Technology,412.27446270226864,14.620528615512596,1.3531381274253262,35.072896799728575,0.3598370755508927,-51.99403896552835
NXPI,Technology,457.27131892173054,15.429409889291312,1.4808913369016317,39.88918231281765,0.3366679663668117,-53.259558057529844
ROP,Technology,197.5985535275331,9.536992010031287,0.899091680884351,22.36509794243419,0.3369979433772589,-38.91108157757373
KDP,Consumer Staples,372.170887390067,13.842721704365267,0.4691541267467656,22.699701524844823,0.521712661789998,-36.872500443859714
AIG,Financials,108.71779470880188,6.3387970038296215,1.1073388490136926,30.706379649414817,0.14129952971881227,-69.57978967445992
PAYX,Industrials,263.98914000783924,11.39504021783717,0.9677908960131246,23.53628885031826,0.39917254064929314,-44.15382901609819
NEM,Materials,596.5819389572371,17.60090715142941,0.4112049819737263,36.692391374506656,0.42518098622126593,-62.402747978511684
IDXX,Health Care,1133.8436567831188,23.352892648201106,1.0452547083522108,31.972762912424173,0.6678463386692073,-54.00135879670388
MAR,Consumer Discretionary,650.5446142633505,18.336111879383576,1.1118500193373846,31.324875000420555,0.5215060516335421,-61.26369984124891
TT,Unknown,1054.9913425935238,22.67432463978334,1.0140994487454007,26.30115032615503,0.7860616126445189,-40.525553869760195
PCAR,Unknown,427.1839741658972,14.895523210652062,0.9406795842370382,25.62908333774721,0.5031597517832089,-37.84451764049923
AEP,Unknown,276.24416037491534,11.703576991722597,0.45651311017151774,20.453496410874052,0.4744214288254263,-32.9051910751349
D,Unknown,47.2461368015713,3.284737526993431,0.5434240799214491,22.497231311944606,0.05710647275566379,-52.199921515104734
EXC,Unknown,228.59411233720573,10.447242388008116,0.6694258552350789,23.75038249584587,0.35566763564694615,-40.03639899853424
SRE,Unknown,171.99915031261196,8.71713159329004,0.6954775297025103,23.78839339433946,0.28237012403235295,-45.00093799134422
XEL,Unknown,285.1256976471764,11.921477235245327,0.5022249181101199,20.833340593454608,0.47623074133211474,-34.412627055307674
WEC,Unknown,284.35868130690227,11.902841889538873,0.45539050622418586,21.125591376933375,0.4687604580078925,-32.305194334329215
ED,Unknown,206.02304572355123,9.792691349845128,0.3628402275210902,20.364373805155257,0.38266294973786047,-30.905066909738498
PEG,Unknown,272.98839574363365,11.622517518539311,0.6142434646081439,21.68912391129444,0.443656348587158,-40.77766676513588
ES,Unknown,137.06782949174413,7.47609201119388,0.5557273521702053,23.215110795264692,0.23588481052224258,-41.68925109766314
AWK,Unknown,282.5814462626171,11.859531063338547,0.544814271248092,22.563605134053212,0.4369661233106073,-37.10109191490289
AMP,Unknown,558.525921553146,17.050339129599323,1.472677481499616,32.435210805354984,0.46401237284742863,-53.88380655544077
MET,Unknown,176.96278356032832,8.881474342077356,1.197219860690082,29.504008395135834,0.23323862472910178,-55.15531712397359
PRU,Unknown,126.20220805018394,7.0557368140809595,1.2971647101167967,30.988442126502097,0.16314911196381718,-65.89149743177704
AFL,Unknown,384.13400117192697,14.080890524629218,0.8712507477250717,24.42584151054738,0.4945946496628393,-54.89018471247073
TRV,Unknown,359.03948334765505,13.574841155392935,0.7541304004414073,23.102069346759986,0.501030491323336,-46.27901119845595
ALL,Unknown,411.91920664740127,14.613887141620175,0.7586894988652086,23.64128133495426,0.5335534467402242,-41.394012562558835
HIG,Unknown,432.978819282479,15.000484759301536,0.9116403631031287,27.819802048401343,0.46731046959583256,-57.592936703496
CBRE,Unknown,545.0400928917386,16.84821751123109,1.2288220929291804,31.614449583388627,0.4696655392359853,-53.57198455454311
AMT,Real Estate,195.37174360154296,9.46829591223488,0.6968619031411156,24.7904476477314,0.3012570010174186,-45.344222875414445
CCI,Real Estate,100.29777881150844,5.973677743735961,0.6674515387685291,24.219599324889202,0.16406868216240153,-55.47698530452336
EQIX,Real Estate,512.4817654703944,16.34380962961066,0.8458142086604844,26.42089620850461,0.5428964073139024,-41.767992022812166
SPG,Real Estate,137.29142838343492,7.484555442813479,1.0666928343344182,34.504857691767896,0.1589502409141068,-77.00218397261331
O,Real Estate,175.69263728530214,8.839679188904759,0.6776497706642077,24.62974011636309,0.27770001455925747,-48.282008783649864
WELL,Unknown,424.33565858538793,14.843543739324438,0.8045754393078633,30.246973553925006,0.4246224408675688,-63.32839330625082
VTR,Unknown,84.98032616432634,5.271814863361812,0.8551405686421014,33.509471135682894,0.09763851091871717,-76.92418931830957
EQR,Unknown,100.35970741466569,5.976414126622198,0.769562078344234,23.99882335723197,0.16569204529037537,-45.90484968739781
AVB,Unknown,111.9372388497315,6.4748436740661,0.7625168751072122,23.54492707180626,0.19005553342420312,-46.911045899757056
MAA,Unknown,222.5412425386428,10.275856328761801,0.7319238984665181,23.24692146016551,0.35599794763976805,-45.39917938905709
ESS,Unknown,133.23869250227335,7.3300084748017635,0.78254127509889,24.729042554080504,0.2155363865440988,-44.84168888055709
CPT,Unknown,180.46416892001318,8.995787114620413,0.735577559307622,23.34968876240174,0.29960943744505947,-50.217352284278775
